   ,     #_
   ~\_  ####_        Amazon Linux 2023
  ~~  \_#####\
  ~~     \###|
  ~~       \#/ ___   https://aws.amazon.com/linux/amazon-linux-2023
   ~~       V~' '->
    ~~~         /
      ~~._.   _/
         _/ _/
       _/m/'
Last login: Tue Oct  1 07:08:08 2024 from 18.206.107.27
[ec2-user@ip-10-1-10-161 ~]$ mysql -h primary-database.cuwmthau4sx0.us-east-1.rds.amazonaws.com -P 3306 -u admin -p
Enter password: 
Welcome to the MariaDB monitor.  Commands end with ; or \g.
Your MySQL connection id is 39
Server version: 8.0.35 Source distribution

Copyright (c) 2000, 2018, Oracle, MariaDB Corporation Ab and others.

Type 'help;' or '\h' for help. Type '\c' to clear the current input statement.

MySQL [(none)]> use udacity
Database changed
MySQL [udacity]> CREATE TABLE test(id INT, name VARCHAR(10));
Query OK, 0 rows affected (0.070 sec)

MySQL [udacity]> SELECT * FROM test
    -> ;
Empty set (0.003 sec)

MySQL [udacity]> INSERT INTO test VALUES (1,'JOHN');
Query OK, 1 row affected (0.008 sec)

MySQL [udacity]> SELECT * FROM test
    -> ;
+------+------+
| id   | name |
+------+------+
|    1 | JOHN |
+------+------+
1 row in set (0.001 sec)

MySQL [udacity]> UPDATE test SET name = 'Michael' WHERE id = 1;
Query OK, 1 row affected (0.007 sec)
Rows matched: 1  Changed: 1  Warnings: 0

MySQL [udacity]> SELECT * FROM test;
+------+---------+
| id   | name    |
+------+---------+
|    1 | Michael |
+------+---------+
1 row in set (0.001 sec)

MySQL [udacity]> 